HSE List4,,,
動身,眾生,供神,共生
堡壘,蘆葦,寶島,跑壘
隊員,桂圓,會員,匯錢
殘害,存在,拳賽,航太
開拓,收穫,脫落,週末
扶養,圖表,行搶,冥想
牽手,堅守,煙斗,親手
山巔,香菸,身邊,升天
竹筍,蘆筍,毀損,主審
儲蓄,如意,廚具,除夕
金錶,煎餃,稀少,春曉
辛勞,煎熬,薰陶,新潮
波浪,玻棒,衝浪,播放
核能,合成,合同,荷蘭
熄滅,實驗,靈驗,皮件
價值,電池,現實,建築
職位,辭退,蘆薈,疲憊
罐頭,卷軸,控球,戶頭
巨大,巨蛋,懼怕,木柵
竹竿,爬山,圖刊,存單
婦女,數理,副理,護理
過敏,作品,佈景,貨品
沙發,傷身,插花,搜刮
走失,損失,導師,老師
車輛,殺價,擦亮,春夏
嘆氣,淡季,放棄,看戲
銀行,平常,情郎,行房
舅媽,舊傷,用餐,誘發
成熟,蟾蜍,乘除,純熟
幸運,信譽,禁慾,定律
花瓶,發明,瓜皮,芳名
誤會,議會,入會,宿醉
機器,激進,嬉戲,香氣
人間,房間,晨間,神仙
笑容,倦容,掉頭,校園
整潔,貞節,搶劫,終結
眼淚,演戲,蕨類,絕對
聽見,偏見,低賤,天線
歌星,孤星,真心,甘心
辦法,燙髮,看法,立法
浴室,軼事,趣事,立志
草地,角力,沼地,掃地
早晨,吵人,澡盆,草繩
月考,夜烤,月老,路考
脾氣,毒氣,名氣,迷信
公司,燈絲,風濕,工資
馬路,跑步,馬力,腳步
游泳,球友,擁有,晨泳
長大,掌上,手上,穩當
希望,金礦,聽話,冰棒